0, 1748, mnist_689.png, 0.0
1, 934, fmnist_361.png, 0.0
2, 1033, fmnist_489.png, 0.0
3, 243, fmnist_520.png, 0.0
4, 928, fmnist_164.png, 0.0
5, 1598, mnist_960.png, 0.0
6, 1837, mnist_676.png, 0.0
7, 1709, mnist_421.png, 0.0
8, 1430, fmnist_769.png, 0.0
9, 183, fmnist_835.png, 0.0
10, 142, mnist_738.png, 0.0
11, 1173, mnist_999.png, 0.0
12, 216, mnist_952.png, 0.0
13, 548, mnist_835.png, 0.0
14, 1602, mnist_280.png, 0.0
15, 220, fmnist_114.png, 0.0
16, 21, mnist_940.png, 0.0
17, 1693, mnist_711.png, 0.0
18, 375, mnist_302.png, 0.0
19, 124, fmnist_647.png, 0.0
20, 1094, fmnist_139.png, 0.0
21, 852, mnist_232.png, 0.0
22, 1817, fmnist_533.png, 0.0
23, 1068, fmnist_146.png, 0.0
24, 87, mnist_377.png, 0.0
25, 422, mnist_742.png, 0.0
26, 232, fmnist_174.png, 0.0
27, 1752, fmnist_248.png, 0.0
28, 669, fmnist_356.png, 0.0
29, 980, mnist_758.png, 0.0
30, 1918, fmnist_154.png, 0.0
31, 1450, fmnist_66.png, 0.0
32, 69, fmnist_319.png, 0.0
33, 237, mnist_176.png, 0.0
34, 1779, fmnist_387.png, 0.0
35, 123, fmnist_375.png, 0.0
36, 1898, fmnist_840.png, 0.0
37, 955, fmnist_388.png, 0.0
38, 1584, mnist_992.png, 0.0
39, 859, fmnist_85.png, 0.0
40, 1291, mnist_690.png, 0.0
41, 1406, fmnist_213.png, 0.0
42, 1130, mnist_84.png, 0.0
43, 338, fmnist_626.png, 0.0
44, 950, mnist_281.png, 0.0
45, 1302, mnist_499.png, 0.0
46, 623, mnist_40.png, 0.0
47, 1354, mnist_816.png, 0.0
48, 907, mnist_307.png, 0.0
49, 836, mnist_740.png, 0.0
50, 956, mnist_493.png, 0.0
51, 324, mnist_2.png, 0.0
52, 1250, fmnist_786.png, 0.0
53, 1870, mnist_871.png, 0.0
54, 218, mnist_856.png, 0.0
55, 871, mnist_210.png, 0.0
56, 483, mnist_58.png, 0.0
57, 1320, mnist_591.png, 0.0
58, 651, fmnist_374.png, 0.0
59, 662, mnist_154.png, 0.0
60, 1473, mnist_119.png, 0.0
61, 234, mnist_870.png, 0.0
62, 637, mnist_69.png, 0.0
63, 1483, fmnist_467.png, 0.0
64, 881, mnist_866.png, 0.0
65, 1358, fmnist_331.png, 0.0
66, 373, fmnist_991.png, 0.0
67, 1574, fmnist_178.png, 0.0
68, 867, mnist_59.png, 0.0
69, 454, mnist_855.png, 0.0
70, 1972, fmnist_957.png, 0.0
71, 616, fmnist_527.png, 0.0
72, 47, fmnist_568.png, 0.0
73, 878, mnist_875.png, 0.0
74, 913, fmnist_687.png, 0.0
75, 1561, fmnist_108.png, 0.0
76, 516, fmnist_705.png, 0.0
77, 1085, mnist_554.png, 0.0
78, 1176, mnist_460.png, 0.0
79, 1729, mnist_558.png, 0.0
80, 1930, fmnist_367.png, 0.0
81, 1607, mnist_107.png, 0.0
82, 1113, mnist_225.png, 0.0
83, 1011, fmnist_816.png, 0.0
84, 284, mnist_775.png, 0.0
85, 678, fmnist_121.png, 0.0
86, 1195, fmnist_703.png, 0.0
87, 78, fmnist_842.png, 0.0
88, 276, mnist_156.png, 0.0
89, 489, fmnist_747.png, 0.0
90, 188, mnist_376.png, 0.0
91, 173, fmnist_247.png, 0.0
92, 1700, mnist_488.png, 0.0
93, 1136, fmnist_546.png, 0.0
94, 579, fmnist_276.png, 0.0
95, 235, mnist_501.png, 0.0
96, 1739, fmnist_601.png, 0.0
97, 1547, mnist_535.png, 0.0
98, 1185, fmnist_464.png, 0.0
99, 1799, fmnist_740.png, 0.0
100, 344, mnist_524.png, 0.0
101, 488, mnist_506.png, 0.0
102, 642, mnist_598.png, 0.0
103, 1545, fmnist_717.png, 0.0
104, 466, fmnist_607.png, 0.0
105, 1220, fmnist_709.png, 0.0
106, 1884, mnist_170.png, 0.0
107, 108, fmnist_223.png, 0.0
108, 441, fmnist_967.png, 0.0
109, 909, mnist_338.png, 0.0
110, 1221, mnist_778.png, 0.0
111, 1487, mnist_268.png, 0.0
112, 765, mnist_797.png, 0.0
113, 1792, fmnist_299.png, 0.0
114, 1638, fmnist_982.png, 0.0
115, 130, fmnist_862.png, 0.0
116, 1265, mnist_274.png, 0.0
117, 1782, fmnist_32.png, 0.0
118, 507, mnist_583.png, 0.0
119, 830, fmnist_788.png, 0.0
120, 1738, mnist_151.png, 0.0
121, 1165, fmnist_618.png, 0.0
122, 925, mnist_786.png, 0.0
123, 1628, mnist_397.png, 0.0
124, 690, fmnist_36.png, 0.0
125, 1074, mnist_820.png, 0.0
126, 795, fmnist_168.png, 0.0
127, 265, mnist_978.png, 0.0
128, 1375, mnist_37.png, 0.0
129, 1270, mnist_694.png, 0.0
130, 1924, fmnist_971.png, 0.0
131, 1366, fmnist_621.png, 0.0
132, 1719, mnist_609.png, 0.0
133, 1494, mnist_589.png, 0.0
134, 477, mnist_587.png, 0.0
135, 1075, mnist_395.png, 0.0
136, 714, fmnist_245.png, 0.0
137, 1079, mnist_300.png, 0.0
138, 547, mnist_788.png, 0.0
139, 444, mnist_902.png, 0.0
140, 1781, fmnist_768.png, 0.0
141, 1184, fmnist_656.png, 0.0
142, 1933, fmnist_987.png, 0.0
143, 1789, fmnist_609.png, 0.0
144, 1692, fmnist_81.png, 0.0
145, 1190, fmnist_390.png, 0.0
146, 731, fmnist_437.png, 0.0
147, 500, mnist_399.png, 0.0
148, 781, mnist_76.png, 0.0
149, 154, mnist_957.png, 0.0
150, 602, mnist_220.png, 0.0
151, 222, fmnist_156.png, 0.0
152, 202, mnist_6.png, 0.0
153, 541, fmnist_999.png, 0.0
154, 949, fmnist_622.png, 0.0
155, 406, mnist_96.png, 0.0
156, 903, mnist_71.png, 0.0
157, 1115, fmnist_149.png, 0.0
158, 772, fmnist_985.png, 0.0
159, 1819, mnist_575.png, 0.0
160, 1150, mnist_727.png, 0.0
161, 266, mnist_104.png, 0.0
162, 14, mnist_83.png, 0.0
163, 1387, mnist_773.png, 0.0
164, 1161, fmnist_235.png, 0.0
165, 1761, fmnist_315.png, 0.0
166, 1274, mnist_639.png, 0.0
167, 1083, fmnist_175.png, 0.0
168, 993, fmnist_148.png, 0.0
169, 1286, fmnist_4.png, 0.0
170, 1213, fmnist_463.png, 0.0
171, 1256, fmnist_724.png, 0.0
172, 24, mnist_127.png, 0.0
173, 1312, mnist_258.png, 0.0
174, 988, fmnist_734.png, 0.0
175, 1089, mnist_857.png, 0.0
176, 791, fmnist_944.png, 0.0
177, 816, fmnist_582.png, 0.0
178, 190, mnist_889.png, 0.0
179, 641, fmnist_902.png, 0.0
180, 1112, mnist_774.png, 0.0
181, 1049, mnist_838.png, 0.0
182, 1952, fmnist_837.png, 0.0
183, 685, fmnist_995.png, 0.0
184, 1995, fmnist_455.png, 0.0
185, 1723, mnist_63.png, 0.0
186, 804, fmnist_510.png, 0.0
187, 1351, fmnist_644.png, 0.0
188, 1846, mnist_722.png, 0.0
189, 1886, fmnist_514.png, 0.0
190, 1699, fmnist_78.png, 0.0
191, 77, mnist_184.png, 0.0
192, 1023, mnist_137.png, 0.0
193, 726, fmnist_406.png, 0.0
194, 1726, fmnist_266.png, 0.0
195, 1808, fmnist_79.png, 0.0
196, 684, mnist_82.png, 0.0
197, 1088, mnist_770.png, 0.0
198, 1900, fmnist_325.png, 0.0
199, 1135, mnist_347.png, 0.0
200, 1127, fmnist_38.png, 0.0
201, 1519, fmnist_486.png, 0.0
202, 981, mnist_218.png, 0.0
203, 716, fmnist_67.png, 0.0
204, 28, fmnist_145.png, 0.0
205, 1657, mnist_526.png, 0.0
206, 1735, mnist_601.png, 0.0
207, 386, mnist_136.png, 0.0
208, 1672, mnist_326.png, 0.0
209, 1690, mnist_803.png, 0.0
210, 1315, mnist_752.png, 0.0
211, 1905, fmnist_285.png, 0.0
212, 1400, fmnist_541.png, 0.0
213, 1777, fmnist_665.png, 0.0
214, 1640, fmnist_764.png, 0.0
215, 740, mnist_565.png, 0.0
216, 1223, fmnist_889.png, 0.0
217, 474, mnist_64.png, 0.0
218, 90, mnist_923.png, 0.0
219, 1685, mnist_163.png, 0.0
220, 1339, fmnist_583.png, 0.0
221, 838, mnist_836.png, 0.0
222, 916, mnist_896.png, 0.0
223, 184, fmnist_776.png, 0.0
224, 762, mnist_653.png, 0.0
225, 961, fmnist_230.png, 0.0
226, 800, mnist_767.png, 0.0
227, 270, fmnist_638.png, 0.0
228, 1441, mnist_135.png, 0.0
229, 1467, fmnist_478.png, 0.0
230, 258, mnist_783.png, 0.0
231, 139, mnist_818.png, 0.0
232, 564, mnist_876.png, 0.0
233, 1988, mnist_659.png, 0.0
234, 310, fmnist_8.png, 0.0
235, 1086, mnist_378.png, 0.0
236, 1868, mnist_725.png, 0.0
237, 1622, mnist_986.png, 0.0
238, 1881, fmnist_436.png, 0.0
239, 545, fmnist_757.png, 0.0
240, 240, fmnist_766.png, 0.0
241, 350, mnist_904.png, 0.0
242, 1118, mnist_924.png, 0.0
243, 1294, fmnist_950.png, 0.0
244, 140, fmnist_181.png, 0.0
245, 1268, mnist_723.png, 0.0
246, 1993, fmnist_874.png, 0.0
247, 1402, mnist_927.png, 0.0
248, 395, fmnist_483.png, 0.0
249, 1942, mnist_989.png, 0.0
250, 1522, fmnist_534.png, 0.0
251, 315, fmnist_57.png, 0.0
252, 497, mnist_416.png, 0.0
253, 151, fmnist_267.png, 0.0
254, 1403, mnist_677.png, 0.0
255, 44, mnist_626.png, 0.0
256, 241, mnist_825.png, 0.0
257, 671, mnist_918.png, 0.0
258, 1524, fmnist_865.png, 0.0
259, 724, fmnist_6.png, 0.0
260, 1497, fmnist_876.png, 0.0
261, 1825, mnist_483.png, 0.0
262, 758, mnist_780.png, 0.0
263, 1469, fmnist_662.png, 0.0
264, 555, mnist_256.png, 0.0
265, 953, fmnist_198.png, 0.0
266, 1411, fmnist_750.png, 0.0
267, 1856, mnist_602.png, 0.0
268, 1234, fmnist_681.png, 0.0
269, 1501, mnist_643.png, 0.0
270, 159, mnist_716.png, 0.0
271, 313, mnist_81.png, 0.0
272, 930, fmnist_305.png, 0.0
273, 1370, mnist_23.png, 0.0
274, 1368, fmnist_421.png, 0.0
275, 409, mnist_3.png, 0.0
276, 1734, fmnist_877.png, 0.0
277, 62, mnist_469.png, 0.0
278, 842, fmnist_39.png, 0.0
279, 1717, mnist_201.png, 0.0
280, 1673, fmnist_338.png, 0.0
281, 1694, mnist_696.png, 0.0
282, 793, mnist_613.png, 0.0
283, 34, mnist_451.png, 0.0
284, 85, mnist_108.png, 0.0
285, 255, mnist_250.png, 0.0
286, 156, fmnist_650.png, 0.0
287, 853, fmnist_461.png, 0.0
288, 320, mnist_552.png, 0.0
289, 1289, fmnist_959.png, 0.0
290, 1987, mnist_750.png, 0.0
291, 1940, fmnist_839.png, 0.0
292, 1722, fmnist_829.png, 0.0
293, 316, mnist_512.png, 0.0
294, 937, mnist_588.png, 0.0
295, 358, mnist_785.png, 0.0
296, 76, fmnist_535.png, 0.0
297, 1198, fmnist_123.png, 0.0
298, 1157, mnist_279.png, 0.0
299, 728, mnist_181.png, 0.0
300, 634, fmnist_458.png, 0.0
301, 1887, fmnist_761.png, 0.0
302, 181, fmnist_336.png, 0.0
303, 1439, fmnist_928.png, 0.0
304, 827, fmnist_815.png, 0.0
305, 110, fmnist_379.png, 0.0
306, 914, mnist_29.png, 0.0
307, 1246, fmnist_46.png, 0.0
308, 301, mnist_270.png, 0.0
309, 1564, fmnist_544.png, 0.0
310, 1490, fmnist_551.png, 0.0
311, 562, fmnist_608.png, 0.0
312, 1778, fmnist_929.png, 0.0
313, 618, fmnist_232.png, 0.0
314, 1516, fmnist_96.png, 0.0
315, 1674, fmnist_821.png, 0.0
316, 1386, mnist_97.png, 0.0
317, 927, mnist_984.png, 0.0
318, 456, fmnist_329.png, 0.0
319, 1577, mnist_829.png, 0.0
320, 20, fmnist_690.png, 0.0
321, 1084, mnist_521.png, 0.0
322, 94, fmnist_11.png, 0.0
323, 219, mnist_514.png, 0.0
324, 1153, fmnist_351.png, 0.0
325, 1142, mnist_288.png, 0.0
326, 113, fmnist_365.png, 0.0
327, 1838, mnist_577.png, 0.0
328, 850, mnist_72.png, 0.0
329, 551, fmnist_341.png, 0.0
330, 1873, fmnist_239.png, 0.0
331, 1937, mnist_466.png, 0.0
332, 42, mnist_335.png, 0.0
333, 405, fmnist_86.png, 0.0
334, 797, mnist_126.png, 0.0
335, 1810, fmnist_214.png, 0.0
336, 860, fmnist_385.png, 0.0
337, 1971, mnist_806.png, 0.0
338, 1644, fmnist_779.png, 0.0
339, 1750, mnist_898.png, 0.0
340, 1107, fmnist_152.png, 0.0
341, 208, mnist_624.png, 0.0
342, 680, mnist_691.png, 0.0
343, 1503, fmnist_83.png, 0.0
344, 1851, mnist_473.png, 0.0
345, 1144, fmnist_116.png, 0.0
346, 352, fmnist_444.png, 0.0
347, 362, fmnist_212.png, 0.0
348, 389, fmnist_95.png, 0.0
349, 1334, fmnist_907.png, 0.0
350, 366, fmnist_280.png, 0.0
351, 1788, mnist_88.png, 0.0
352, 1504, fmnist_348.png, 0.0
353, 1137, fmnist_160.png, 0.0
354, 1854, fmnist_140.png, 0.0
355, 1102, mnist_160.png, 0.0
356, 1542, fmnist_969.png, 0.0
357, 329, fmnist_127.png, 0.0
358, 141, fmnist_719.png, 0.0
359, 614, mnist_353.png, 0.0
360, 57, fmnist_826.png, 0.0
361, 643, fmnist_363.png, 0.0
362, 370, fmnist_988.png, 0.0
363, 463, mnist_86.png, 0.0
364, 1064, mnist_118.png, 0.0
365, 1689, mnist_174.png, 0.0
366, 438, fmnist_107.png, 0.0
367, 1390, mnist_941.png, 0.0
368, 1955, fmnist_806.png, 0.0
369, 175, mnist_329.png, 0.0
370, 1131, fmnist_45.png, 0.0
371, 1435, fmnist_474.png, 0.0
372, 1081, fmnist_229.png, 0.0
373, 355, mnist_470.png, 0.0
374, 411, fmnist_68.png, 0.0
375, 1466, fmnist_50.png, 0.0
376, 1759, mnist_276.png, 0.0
377, 1498, mnist_61.png, 0.0
378, 1921, fmnist_141.png, 0.0
379, 1591, fmnist_258.png, 0.0
380, 1991, fmnist_639.png, 0.0
381, 1573, mnist_155.png, 0.0
382, 263, fmnist_393.png, 0.0
383, 1590, fmnist_726.png, 0.0
384, 397, fmnist_708.png, 0.0
385, 247, fmnist_642.png, 0.0
386, 1754, mnist_566.png, 0.0
387, 364, fmnist_417.png, 0.0
388, 543, fmnist_992.png, 0.0
389, 624, fmnist_314.png, 0.0
390, 1966, mnist_465.png, 0.0
391, 646, mnist_814.png, 0.0
392, 132, fmnist_810.png, 0.0
393, 1927, mnist_719.png, 0.0
394, 312, mnist_123.png, 0.0
395, 1515, fmnist_376.png, 0.0
396, 858, fmnist_646.png, 0.0
397, 1766, fmnist_343.png, 0.0
398, 1353, fmnist_20.png, 0.0
399, 162, mnist_34.png, 0.0
400, 230, mnist_981.png, 0.0
401, 1271, fmnist_720.png, 0.0
402, 1311, fmnist_65.png, 0.0
403, 414, fmnist_131.png, 0.0
404, 811, fmnist_153.png, 0.0
405, 798, mnist_895.png, 0.0
406, 351, fmnist_88.png, 0.0
407, 862, mnist_627.png, 0.0
408, 1845, fmnist_947.png, 0.0
409, 1132, mnist_457.png, 0.0
410, 1242, fmnist_794.png, 0.0
411, 1148, fmnist_728.png, 0.0
412, 1335, fmnist_169.png, 0.0
413, 1833, fmnist_571.png, 0.0
414, 1170, mnist_668.png, 0.0
415, 593, mnist_223.png, 0.0
416, 1899, fmnist_470.png, 0.0
417, 0, mnist_584.png, 0.0
418, 535, fmnist_241.png, 0.0
419, 570, fmnist_567.png, 0.0
420, 281, mnist_863.png, 0.0
421, 780, fmnist_61.png, 0.0
422, 578, mnist_958.png, 0.0
423, 1452, mnist_982.png, 0.0
424, 1835, fmnist_58.png, 0.0
425, 299, mnist_590.png, 0.0
426, 1623, fmnist_522.png, 0.0
427, 180, mnist_78.png, 0.0
428, 501, fmnist_347.png, 0.0
429, 1051, fmnist_328.png, 0.0
430, 385, fmnist_854.png, 0.0
431, 688, fmnist_394.png, 0.0
432, 636, mnist_749.png, 0.0
433, 799, fmnist_935.png, 0.0
434, 1229, mnist_481.png, 0.0
435, 1474, fmnist_428.png, 0.0
436, 1128, fmnist_288.png, 0.0
437, 331, fmnist_994.png, 0.0
438, 622, fmnist_333.png, 0.0
439, 821, mnist_360.png, 0.0
440, 644, fmnist_561.png, 0.0
441, 1446, mnist_293.png, 0.0
442, 148, mnist_746.png, 0.0
443, 1385, mnist_911.png, 0.0
444, 1462, fmnist_693.png, 0.0
445, 163, mnist_950.png, 0.0
446, 1596, fmnist_896.png, 0.0
447, 1212, mnist_337.png, 0.0
448, 681, fmnist_707.png, 0.0
449, 1992, mnist_525.png, 0.0
450, 876, mnist_564.png, 0.0
451, 35, mnist_444.png, 0.0
452, 892, fmnist_237.png, 0.0
453, 1436, mnist_79.png, 0.0
454, 486, mnist_544.png, 0.0
455, 1724, mnist_260.png, 0.0
456, 1119, mnist_266.png, 0.0
457, 537, fmnist_389.png, 0.0
458, 670, fmnist_369.png, 0.0
459, 92, fmnist_986.png, 0.0
460, 95, fmnist_337.png, 0.0
461, 1682, fmnist_838.png, 0.0
462, 492, mnist_405.png, 0.0
463, 192, mnist_827.png, 0.0
464, 985, fmnist_649.png, 0.0
465, 254, mnist_638.png, 0.0
466, 661, mnist_277.png, 0.0
467, 1216, fmnist_383.png, 0.0
468, 513, fmnist_423.png, 0.0
469, 1309, mnist_212.png, 0.0
470, 1651, mnist_872.png, 0.0
471, 1303, fmnist_297.png, 0.0
472, 967, mnist_707.png, 0.0
473, 566, fmnist_739.png, 0.0
474, 1646, fmnist_499.png, 0.0
475, 1712, fmnist_737.png, 0.0
476, 214, fmnist_304.png, 0.0
477, 586, mnist_937.png, 0.0
478, 952, fmnist_819.png, 0.0
479, 1066, fmnist_136.png, 0.0
480, 1771, fmnist_219.png, 0.0
481, 658, mnist_762.png, 0.0
482, 769, fmnist_558.png, 0.0
483, 1073, mnist_369.png, 0.0
484, 117, fmnist_487.png, 0.0
485, 22, mnist_341.png, 0.0
486, 1929, mnist_995.png, 0.0
487, 319, mnist_354.png, 0.0
488, 596, fmnist_133.png, 0.0
489, 1637, mnist_480.png, 0.0
490, 1876, mnist_945.png, 0.0
491, 415, mnist_735.png, 0.0
492, 1910, mnist_148.png, 0.0
493, 1444, mnist_536.png, 0.0
494, 506, fmnist_775.png, 0.0
495, 1149, fmnist_308.png, 0.0
496, 1663, fmnist_137.png, 0.0
497, 1369, fmnist_370.png, 0.0
498, 1451, fmnist_17.png, 0.0
499, 1379, fmnist_785.png, 0.0
500, 984, fmnist_625.png, 0.0
501, 1665, mnist_961.png, 0.0
502, 1392, mnist_854.png, 0.0
503, 1252, fmnist_74.png, 0.0
504, 1224, fmnist_574.png, 0.0
505, 801, fmnist_891.png, 0.0
506, 347, fmnist_197.png, 0.0
507, 403, fmnist_696.png, 0.0
508, 381, fmnist_530.png, 0.0
509, 66, fmnist_526.png, 0.0
510, 1658, fmnist_857.png, 0.0
511, 1434, fmnist_172.png, 0.0
512, 587, fmnist_524.png, 0.0
513, 706, fmnist_453.png, 0.0
514, 1583, mnist_921.png, 0.0
515, 479, fmnist_10.png, 0.0
516, 1465, fmnist_756.png, 0.0
517, 746, fmnist_497.png, 0.0
518, 1238, fmnist_231.png, 0.0
519, 431, mnist_516.png, 0.0
520, 1642, fmnist_350.png, 0.0
521, 818, fmnist_420.png, 0.0
522, 790, mnist_128.png, 0.0
523, 256, fmnist_930.png, 0.0
524, 1095, mnist_771.png, 0.0
525, 880, fmnist_206.png, 0.0
526, 1555, mnist_523.png, 0.0
527, 4, fmnist_80.png, 0.0
528, 632, mnist_294.png, 0.0
529, 1931, mnist_864.png, 0.0
530, 1915, mnist_431.png, 0.0
531, 1205, fmnist_972.png, 0.0
532, 582, mnist_688.png, 0.0
533, 1004, fmnist_932.png, 0.0
534, 524, fmnist_887.png, 0.0
535, 1017, mnist_54.png, 0.0
536, 198, fmnist_292.png, 0.0
537, 1143, mnist_336.png, 0.0
538, 1606, mnist_510.png, 0.0
539, 1764, fmnist_5.png, 0.0
540, 577, mnist_406.png, 0.0
541, 1572, fmnist_602.png, 0.0
542, 326, mnist_240.png, 0.0
543, 1493, mnist_175.png, 0.0
544, 1948, mnist_661.png, 0.0
545, 257, fmnist_525.png, 0.0
546, 1675, mnist_608.png, 0.0
547, 515, fmnist_261.png, 0.0
548, 121, fmnist_623.png, 0.0
549, 920, mnist_447.png, 0.0
550, 1290, fmnist_28.png, 0.0
551, 1508, fmnist_732.png, 0.0
552, 817, mnist_16.png, 0.0
553, 1670, fmnist_770.png, 0.0
554, 580, mnist_882.png, 0.0
555, 971, mnist_159.png, 0.0
556, 1999, fmnist_990.png, 0.0
557, 1204, fmnist_424.png, 0.0
558, 1979, mnist_247.png, 0.0
559, 1395, fmnist_942.png, 0.0
560, 1217, mnist_747.png, 0.0
561, 1296, fmnist_807.png, 0.0
562, 1297, fmnist_675.png, 0.0
563, 1983, mnist_237.png, 0.0
564, 73, fmnist_658.png, 0.0
565, 1293, fmnist_118.png, 0.0
566, 1849, mnist_796.png, 0.0
567, 1912, mnist_708.png, 0.0
568, 854, mnist_290.png, 0.0
569, 1298, fmnist_805.png, 0.0
570, 668, mnist_415.png, 0.0
571, 1960, fmnist_974.png, 0.0
572, 1757, fmnist_818.png, 0.0
573, 31, mnist_368.png, 0.0
574, 1871, mnist_192.png, 0.0
575, 11, fmnist_554.png, 0.0
576, 275, fmnist_307.png, 0.0
577, 217, mnist_795.png, 0.0
578, 1796, fmnist_960.png, 0.0
579, 1244, mnist_655.png, 0.0
580, 655, mnist_265.png, 0.0
581, 1093, fmnist_26.png, 0.0
582, 1123, mnist_505.png, 0.0
583, 1180, fmnist_147.png, 0.0
584, 359, mnist_334.png, 0.0
585, 1914, mnist_513.png, 0.0
586, 328, mnist_704.png, 0.0
587, 954, mnist_757.png, 0.0
588, 1448, fmnist_962.png, 0.0
589, 1324, fmnist_898.png, 0.0
590, 228, mnist_956.png, 0.0
591, 443, fmnist_42.png, 0.0
592, 1704, fmnist_117.png, 0.0
593, 895, fmnist_317.png, 0.0
594, 1568, fmnist_542.png, 0.0
595, 1016, fmnist_814.png, 0.0
596, 894, mnist_172.png, 0.0
597, 305, fmnist_653.png, 0.0
598, 272, mnist_580.png, 0.0
599, 1429, mnist_291.png, 0.0
600, 1249, mnist_75.png, 0.0
601, 652, mnist_17.png, 0.0
602, 238, fmnist_864.png, 0.0
603, 697, fmnist_511.png, 0.0
604, 1618, fmnist_446.png, 0.0
605, 520, fmnist_195.png, 0.0
606, 504, fmnist_518.png, 0.0
607, 1106, mnist_928.png, 0.0
608, 418, mnist_400.png, 0.0
609, 1116, fmnist_796.png, 0.0
610, 1218, fmnist_251.png, 0.0
611, 147, fmnist_595.png, 0.0
612, 1333, mnist_772.png, 0.0
613, 227, fmnist_727.png, 0.0
614, 767, fmnist_366.png, 0.0
615, 485, mnist_413.png, 0.0
616, 390, fmnist_33.png, 0.0
617, 60, mnist_332.png, 0.0
618, 435, mnist_373.png, 0.0
619, 376, fmnist_340.png, 0.0
620, 348, fmnist_968.png, 0.0
621, 302, mnist_44.png, 0.0
622, 896, fmnist_262.png, 0.0
623, 1633, fmnist_566.png, 0.0
624, 33, fmnist_883.png, 0.0
625, 1903, mnist_1.png, 0.0
626, 1869, fmnist_958.png, 0.0
627, 1841, fmnist_318.png, 0.0
628, 1626, mnist_112.png, 0.0
629, 1896, fmnist_322.png, 0.0
630, 1317, fmnist_637.png, 0.0
631, 1338, mnist_150.png, 0.0
632, 413, fmnist_634.png, 0.0
633, 739, mnist_702.png, 0.0
634, 1063, fmnist_834.png, 0.0
635, 875, mnist_670.png, 0.0
636, 990, mnist_745.png, 0.0
637, 1417, mnist_130.png, 0.0
638, 1329, fmnist_295.png, 0.0
639, 552, fmnist_264.png, 0.0
640, 1570, fmnist_973.png, 0.0
641, 539, fmnist_581.png, 0.0
642, 133, fmnist_134.png, 0.0
643, 1129, mnist_698.png, 0.0
644, 1464, mnist_567.png, 0.0
645, 1304, mnist_648.png, 0.0
646, 1350, fmnist_543.png, 0.0
647, 72, mnist_229.png, 0.0
648, 1272, fmnist_713.png, 0.0
649, 1505, mnist_243.png, 0.0
650, 1785, mnist_227.png, 0.0
651, 249, mnist_967.png, 0.0
652, 1654, fmnist_869.png, 0.0
653, 1523, mnist_452.png, 0.0
654, 1751, fmnist_908.png, 0.0
655, 752, fmnist_101.png, 0.0
656, 709, mnist_824.png, 0.0
657, 768, mnist_540.png, 0.0
658, 1600, mnist_959.png, 0.0
659, 83, mnist_255.png, 0.0
660, 412, mnist_47.png, 0.0
661, 286, mnist_233.png, 0.0
662, 802, fmnist_515.png, 0.0
663, 710, fmnist_301.png, 0.0
664, 1794, fmnist_963.png, 0.0
665, 6, mnist_477.png, 0.0
666, 1733, mnist_67.png, 0.0
667, 27, mnist_802.png, 0.0
668, 1816, fmnist_320.png, 0.0
669, 1053, mnist_124.png, 0.0
670, 760, fmnist_715.png, 0.0
671, 89, fmnist_918.png, 0.0
672, 166, mnist_563.png, 0.0
673, 201, mnist_101.png, 0.0
674, 1890, fmnist_704.png, 0.0
675, 1000, mnist_645.png, 0.0
676, 1913, mnist_794.png, 0.0
677, 356, fmnist_466.png, 0.0
678, 160, mnist_476.png, 0.0
679, 1035, fmnist_952.png, 0.0
680, 1031, fmnist_780.png, 0.0
681, 1917, mnist_401.png, 0.0
682, 298, fmnist_103.png, 0.0
683, 915, mnist_798.png, 0.0
684, 292, mnist_349.png, 0.0
685, 834, mnist_254.png, 0.0
686, 122, mnist_491.png, 0.0
687, 118, mnist_187.png, 0.0
688, 599, mnist_409.png, 0.0
689, 899, mnist_674.png, 0.0
690, 170, mnist_327.png, 0.0
691, 631, mnist_542.png, 0.0
692, 839, fmnist_310.png, 0.0
693, 71, mnist_809.png, 0.0
694, 686, fmnist_882.png, 0.0
695, 1688, mnist_371.png, 0.0
696, 99, mnist_737.png, 0.0
697, 1391, fmnist_9.png, 0.0
698, 778, mnist_116.png, 0.0
699, 638, mnist_931.png, 0.0
700, 1010, fmnist_427.png, 0.0
701, 1383, mnist_777.png, 0.0
702, 719, mnist_26.png, 0.0
703, 287, mnist_197.png, 0.0
704, 1949, mnist_611.png, 0.0
705, 1372, fmnist_751.png, 0.0
706, 1230, mnist_106.png, 0.0
707, 1361, fmnist_129.png, 0.0
708, 125, fmnist_589.png, 0.0
709, 1343, fmnist_738.png, 0.0
710, 146, mnist_387.png, 0.0
711, 1605, mnist_191.png, 0.0
712, 563, mnist_392.png, 0.0
713, 1147, fmnist_895.png, 0.0
714, 1980, fmnist_302.png, 0.0
715, 1488, mnist_467.png, 0.0
716, 1191, fmnist_53.png, 0.0
717, 1196, fmnist_200.png, 0.0
718, 1687, fmnist_188.png, 0.0
719, 789, mnist_570.png, 0.0
720, 703, fmnist_844.png, 0.0
721, 143, fmnist_714.png, 0.0
722, 1437, fmnist_380.png, 0.0
723, 796, fmnist_7.png, 0.0
724, 428, mnist_546.png, 0.0
725, 353, fmnist_386.png, 0.0
726, 215, mnist_837.png, 0.0
727, 458, mnist_273.png, 0.0
728, 1082, mnist_253.png, 0.0
729, 942, fmnist_392.png, 0.0
730, 1878, fmnist_580.png, 0.0
731, 1045, fmnist_120.png, 0.0
732, 1029, mnist_969.png, 0.0
733, 285, fmnist_699.png, 0.0
734, 525, mnist_807.png, 0.0
735, 388, mnist_675.png, 0.0
736, 1725, fmnist_760.png, 0.0
737, 1639, fmnist_799.png, 0.0
738, 923, fmnist_547.png, 0.0
739, 1410, mnist_779.png, 0.0
740, 1003, mnist_819.png, 0.0
741, 1012, mnist_748.png, 0.0
742, 1146, fmnist_255.png, 0.0
743, 1277, fmnist_500.png, 0.0
744, 1985, fmnist_291.png, 0.0
745, 750, mnist_987.png, 0.0
746, 696, fmnist_265.png, 0.0
747, 1510, fmnist_14.png, 0.0
748, 1352, fmnist_396.png, 0.0
749, 17, fmnist_997.png, 0.0
750, 290, mnist_138.png, 0.0
751, 1264, mnist_198.png, 0.0
752, 1058, fmnist_961.png, 0.0
753, 672, fmnist_76.png, 0.0
754, 1831, mnist_731.png, 0.0
755, 277, mnist_94.png, 0.0
756, 323, fmnist_472.png, 0.0
757, 1517, fmnist_89.png, 0.0
758, 1056, mnist_278.png, 0.0
759, 1061, mnist_394.png, 0.0
760, 1872, fmnist_878.png, 0.0
761, 1594, fmnist_355.png, 0.0
762, 883, mnist_41.png, 0.0
763, 1753, fmnist_346.png, 0.0
764, 1376, fmnist_30.png, 0.0
765, 1470, mnist_973.png, 0.0
766, 268, mnist_529.png, 0.0
767, 544, fmnist_502.png, 0.0
768, 921, mnist_287.png, 0.0
769, 1755, fmnist_993.png, 0.0
770, 1944, mnist_498.png, 0.0
771, 169, fmnist_977.png, 0.0
772, 869, fmnist_313.png, 0.0
773, 948, mnist_595.png, 0.0
774, 1744, fmnist_632.png, 0.0
775, 1172, mnist_74.png, 0.0
776, 1552, mnist_511.png, 0.0
777, 1124, mnist_190.png, 0.0
778, 294, fmnist_40.png, 0.0
779, 529, fmnist_830.png, 0.0
780, 675, fmnist_29.png, 0.0
781, 1768, fmnist_323.png, 0.0
782, 929, fmnist_641.png, 0.0
783, 1475, mnist_781.png, 0.0
784, 1322, mnist_994.png, 0.0
785, 1863, mnist_194.png, 0.0
786, 589, mnist_732.png, 0.0
787, 1057, fmnist_913.png, 0.0
788, 732, mnist_553.png, 0.0
789, 1595, mnist_504.png, 0.0
790, 221, mnist_186.png, 0.0
791, 205, mnist_365.png, 0.0
792, 1479, fmnist_324.png, 0.0
793, 951, fmnist_312.png, 0.0
794, 1616, mnist_53.png, 0.0
795, 1008, fmnist_536.png, 0.0
796, 1120, mnist_496.png, 0.0
797, 1565, mnist_764.png, 0.0
798, 1536, mnist_970.png, 0.0
799, 1848, fmnist_825.png, 0.0
800, 387, mnist_453.png, 0.0
801, 808, fmnist_729.png, 0.0
802, 128, mnist_843.png, 0.0
803, 1393, mnist_585.png, 0.0
804, 398, mnist_509.png, 0.0
805, 1934, fmnist_811.png, 0.0
806, 1612, mnist_165.png, 0.0
807, 470, mnist_919.png, 0.0
808, 674, mnist_141.png, 0.0
809, 1295, mnist_315.png, 0.0
810, 1347, mnist_15.png, 0.0
811, 394, mnist_532.png, 0.0
812, 1795, mnist_324.png, 0.0
813, 823, mnist_435.png, 0.0
814, 519, mnist_629.png, 0.0
815, 13, fmnist_220.png, 0.0
816, 1892, fmnist_429.png, 0.0
817, 207, mnist_428.png, 0.0
818, 1263, mnist_799.png, 0.0
819, 420, mnist_599.png, 0.0
820, 1427, mnist_216.png, 0.0
821, 1732, fmnist_823.png, 0.0
822, 813, fmnist_903.png, 0.0
823, 1830, fmnist_233.png, 0.0
824, 1359, fmnist_894.png, 0.0
825, 1727, fmnist_225.png, 0.0
826, 832, mnist_340.png, 0.0
827, 1882, fmnist_831.png, 0.0
828, 536, mnist_494.png, 0.0
829, 1743, fmnist_485.png, 0.0
830, 910, fmnist_2.png, 0.0
831, 588, fmnist_563.png, 0.0
832, 446, mnist_612.png, 0.0
833, 1305, fmnist_243.png, 0.0
834, 940, mnist_636.png, 0.0
835, 226, mnist_597.png, 0.0
836, 613, mnist_461.png, 0.0
837, 112, mnist_382.png, 0.0
838, 495, fmnist_941.png, 0.0
839, 1664, fmnist_628.png, 0.0
840, 884, fmnist_246.png, 0.0
841, 1965, mnist_997.png, 0.0
842, 718, mnist_317.png, 0.0
843, 518, mnist_739.png, 0.0
844, 900, fmnist_517.png, 0.0
845, 1060, fmnist_836.png, 0.0
846, 704, mnist_946.png, 0.0
847, 1684, fmnist_298.png, 0.0
848, 919, mnist_203.png, 0.0
849, 864, fmnist_268.png, 0.0
850, 1597, fmnist_69.png, 0.0
851, 1554, fmnist_723.png, 0.0
852, 1857, fmnist_735.png, 0.0
853, 367, mnist_759.png, 0.0
854, 494, mnist_666.png, 0.0
855, 964, mnist_634.png, 0.0
856, 851, mnist_550.png, 0.0
857, 260, fmnist_165.png, 0.0
858, 503, fmnist_597.png, 0.0
859, 1997, fmnist_222.png, 0.0
860, 1996, fmnist_912.png, 0.0
861, 264, mnist_703.png, 0.0
862, 58, fmnist_890.png, 0.0
863, 1236, fmnist_721.png, 0.0
864, 423, fmnist_745.png, 0.0
865, 828, mnist_446.png, 0.0
866, 1815, fmnist_163.png, 0.0
867, 1698, fmnist_460.png, 0.0
868, 317, fmnist_209.png, 0.0
869, 1001, fmnist_731.png, 0.0
870, 755, mnist_482.png, 0.0
871, 1279, fmnist_667.png, 0.0
872, 1183, fmnist_870.png, 0.0
873, 982, mnist_299.png, 0.0
874, 1784, mnist_977.png, 0.0
875, 204, mnist_305.png, 0.0
876, 1188, fmnist_655.png, 0.0
877, 1703, mnist_826.png, 0.0
878, 1314, mnist_215.png, 0.0
879, 100, mnist_249.png, 0.0
880, 1828, fmnist_37.png, 0.0
881, 576, mnist_219.png, 0.0
882, 369, fmnist_130.png, 0.0
883, 104, mnist_9.png, 0.0
884, 1096, mnist_115.png, 0.0
885, 1842, mnist_379.png, 0.0
886, 770, mnist_38.png, 0.0
887, 891, mnist_267.png, 0.0
888, 1440, mnist_441.png, 0.0
889, 93, mnist_411.png, 0.0
890, 1047, fmnist_871.png, 0.0
891, 667, fmnist_186.png, 0.0
892, 1721, fmnist_648.png, 0.0
893, 1457, mnist_684.png, 0.0
894, 1770, mnist_642.png, 0.0
895, 1926, fmnist_919.png, 0.0
896, 1438, mnist_45.png, 0.0
897, 361, fmnist_979.png, 0.0
898, 648, fmnist_832.png, 0.0
899, 271, fmnist_439.png, 0.0
900, 1078, fmnist_90.png, 0.0
901, 382, mnist_95.png, 0.0
902, 402, mnist_391.png, 0.0
903, 1447, mnist_348.png, 0.0
904, 1167, mnist_673.png, 0.0
905, 782, mnist_683.png, 0.0
906, 1300, mnist_430.png, 0.0
907, 1512, fmnist_654.png, 0.0
908, 1476, fmnist_271.png, 0.0
909, 2, fmnist_578.png, 0.0
910, 522, fmnist_677.png, 0.0
911, 40, mnist_99.png, 0.0
912, 1990, fmnist_481.png, 0.0
913, 1087, mnist_117.png, 0.0
914, 225, mnist_454.png, 0.0
915, 650, mnist_905.png, 0.0
916, 848, fmnist_951.png, 0.0
917, 1865, mnist_56.png, 0.0
918, 805, mnist_478.png, 0.0
919, 1371, fmnist_357.png, 0.0
920, 1540, fmnist_189.png, 0.0
921, 1866, fmnist_599.png, 0.0
922, 1346, fmnist_545.png, 0.0
923, 330, mnist_495.png, 0.0
924, 1559, mnist_213.png, 0.0
925, 191, fmnist_35.png, 0.0
926, 824, fmnist_21.png, 0.0
927, 1803, fmnist_691.png, 0.0
928, 1765, mnist_105.png, 0.0
929, 1747, mnist_812.png, 0.0
930, 1888, fmnist_335.png, 0.0
931, 833, fmnist_327.png, 0.0
932, 1877, fmnist_813.png, 0.0
933, 248, mnist_763.png, 0.0
934, 1009, fmnist_279.png, 0.0
935, 261, fmnist_716.png, 0.0
936, 831, mnist_930.png, 0.0
937, 1802, mnist_755.png, 0.0
938, 1422, mnist_363.png, 0.0
939, 889, fmnist_886.png, 0.0
940, 736, fmnist_321.png, 0.0
941, 81, fmnist_680.png, 0.0
942, 1231, fmnist_352.png, 0.0
943, 590, fmnist_454.png, 0.0
944, 452, fmnist_221.png, 0.0
945, 1525, fmnist_538.png, 0.0
946, 137, mnist_515.png, 0.0
947, 1636, mnist_754.png, 0.0
948, 1963, mnist_492.png, 0.0
949, 67, mnist_935.png, 0.0
950, 534, mnist_849.png, 0.0
951, 505, mnist_449.png, 0.0
952, 449, mnist_821.png, 0.0
953, 605, mnist_951.png, 0.0
954, 111, mnist_972.png, 0.0
955, 1454, mnist_98.png, 0.0
956, 1408, mnist_93.png, 0.0
957, 308, fmnist_683.png, 0.0
958, 363, fmnist_303.png, 0.0
959, 1763, fmnist_937.png, 0.0
960, 445, fmnist_110.png, 0.0
961, 530, fmnist_208.png, 0.0
962, 1445, fmnist_553.png, 0.0
963, 1986, mnist_261.png, 0.0
964, 378, fmnist_664.png, 0.0
965, 1258, fmnist_692.png, 0.0
966, 803, mnist_380.png, 0.0
967, 995, mnist_640.png, 0.0
968, 1634, fmnist_911.png, 0.0
969, 61, fmnist_432.png, 0.0
970, 1969, mnist_149.png, 0.0
971, 912, mnist_852.png, 0.0
972, 206, mnist_217.png, 0.0
973, 282, fmnist_240.png, 0.0
974, 1423, mnist_621.png, 0.0
975, 1152, fmnist_663.png, 0.0
976, 725, fmnist_610.png, 0.0
977, 29, mnist_366.png, 0.0
978, 1117, mnist_422.png, 0.0
979, 1177, fmnist_933.png, 0.0
980, 1740, fmnist_27.png, 0.0
981, 523, mnist_717.png, 0.0
982, 1956, mnist_144.png, 0.0
983, 114, mnist_672.png, 0.0
984, 1549, mnist_370.png, 0.0
985, 1140, mnist_269.png, 0.0
986, 1800, mnist_983.png, 0.0
987, 63, fmnist_824.png, 0.0
988, 775, mnist_32.png, 0.0
989, 38, mnist_878.png, 0.0
990, 1245, fmnist_43.png, 0.0
991, 742, mnist_374.png, 0.0
992, 400, fmnist_275.png, 0.0
993, 1964, fmnist_631.png, 0.0
994, 499, fmnist_550.png, 0.0
995, 976, fmnist_138.png, 0.0
996, 1425, mnist_561.png, 0.0
997, 879, mnist_528.png, 0.0
998, 1855, fmnist_879.png, 0.0
999, 56, mnist_121.png, 0.0
1000, 1355, fmnist_759.png, 0.0
1001, 973, fmnist_59.png, 0.0
1002, 1534, fmnist_736.png, 0.0
1003, 1364, fmnist_792.png, 0.0
1004, 1804, mnist_352.png, 0.0
1005, 484, mnist_616.png, 0.0
1006, 730, fmnist_585.png, 0.0
1007, 1798, fmnist_976.png, 0.0
1008, 1121, mnist_632.png, 0.0
1009, 966, mnist_548.png, 0.0
1010, 380, mnist_729.png, 0.0
1011, 224, fmnist_215.png, 0.0
1012, 426, mnist_765.png, 0.0
1013, 1211, fmnist_910.png, 0.0
1014, 1193, fmnist_419.png, 0.0
1015, 1491, fmnist_204.png, 0.0
1016, 1715, mnist_39.png, 0.0
1017, 809, mnist_880.png, 0.0
1018, 1171, mnist_157.png, 0.0
1019, 601, fmnist_13.png, 0.0
1020, 885, mnist_517.png, 0.0
1021, 1737, mnist_412.png, 0.0
1022, 1619, mnist_436.png, 0.0
1023, 1507, fmnist_802.png, 0.0
1024, 1189, fmnist_468.png, 0.0
1025, 1705, mnist_235.png, 0.0
1026, 1104, fmnist_112.png, 0.0
1027, 1974, mnist_569.png, 0.0
1028, 39, mnist_456.png, 0.0
1029, 630, mnist_908.png, 0.0
1030, 779, mnist_362.png, 0.0
1031, 1039, fmnist_790.png, 0.0
1032, 1526, fmnist_616.png, 0.0
1033, 592, mnist_389.png, 0.0
1034, 1214, mnist_975.png, 0.0
1035, 610, mnist_295.png, 0.0
1036, 1514, fmnist_19.png, 0.0
1037, 872, mnist_429.png, 0.0
1038, 1859, fmnist_868.png, 0.0
1039, 1380, mnist_46.png, 0.0
1040, 1578, fmnist_401.png, 0.0
1041, 764, mnist_125.png, 0.0
1042, 1874, mnist_36.png, 0.0
1043, 1199, fmnist_349.png, 0.0
1044, 480, fmnist_372.png, 0.0
1045, 1984, mnist_847.png, 0.0
1046, 1331, mnist_741.png, 0.0
1047, 1169, fmnist_501.png, 0.0
1048, 155, fmnist_620.png, 0.0
1049, 1485, fmnist_970.png, 0.0
1050, 1301, mnist_963.png, 0.0
1051, 868, mnist_883.png, 0.0
1052, 1627, fmnist_161.png, 0.0
1053, 467, mnist_455.png, 0.0
1054, 626, mnist_976.png, 0.0
1055, 905, mnist_948.png, 0.0
1056, 1054, mnist_730.png, 0.0
1057, 472, mnist_310.png, 0.0
1058, 171, fmnist_52.png, 0.0
1059, 962, fmnist_277.png, 0.0
1060, 538, mnist_60.png, 0.0
1061, 304, mnist_534.png, 0.0
1062, 1090, mnist_720.png, 0.0
1063, 978, fmnist_955.png, 0.0
1064, 1413, fmnist_415.png, 0.0
1065, 902, mnist_545.png, 0.0
1066, 1560, fmnist_293.png, 0.0
1067, 819, mnist_555.png, 0.0
1068, 1226, fmnist_22.png, 0.0
1069, 972, fmnist_15.png, 0.0
1070, 1648, mnist_628.png, 0.0
1071, 322, mnist_221.png, 0.0
1072, 712, fmnist_742.png, 0.0
1073, 1159, fmnist_549.png, 0.0
1074, 1456, fmnist_64.png, 0.0
1075, 756, mnist_497.png, 0.0
1076, 1018, fmnist_339.png, 0.0
1077, 1936, mnist_761.png, 0.0
1078, 1843, mnist_833.png, 0.0
1079, 283, mnist_867.png, 0.0
1080, 131, mnist_19.png, 0.0
1081, 1730, mnist_342.png, 0.0
1082, 1847, mnist_620.png, 0.0
1083, 1, fmnist_983.png, 0.0
1084, 918, fmnist_430.png, 0.0
1085, 882, mnist_736.png, 0.0
1086, 870, fmnist_695.png, 0.0
1087, 1373, mnist_891.png, 0.0
1088, 917, mnist_51.png, 0.0
1089, 1880, fmnist_795.png, 0.0
1090, 1254, fmnist_577.png, 0.0
1091, 1076, fmnist_741.png, 0.0
1092, 1797, mnist_766.png, 0.0
1093, 533, mnist_576.png, 0.0
1094, 1269, fmnist_733.png, 0.0
1095, 408, mnist_606.png, 0.0
1096, 461, mnist_682.png, 0.0
1097, 176, fmnist_700.png, 0.0
1098, 401, mnist_320.png, 0.0
1099, 7, fmnist_218.png, 0.0
1100, 1418, fmnist_748.png, 0.0
1101, 1069, fmnist_565.png, 0.0
1102, 335, fmnist_570.png, 0.0
1103, 1399, mnist_12.png, 0.0
1104, 1513, mnist_490.png, 0.0
1105, 1460, mnist_710.png, 0.0
1106, 735, mnist_885.png, 0.0
1107, 965, mnist_433.png, 0.0
1108, 609, mnist_13.png, 0.0
1109, 717, mnist_572.png, 0.0
1110, 604, mnist_848.png, 0.0
1111, 738, mnist_804.png, 0.0
1112, 606, fmnist_591.png, 0.0
1113, 1348, fmnist_880.png, 0.0
1114, 199, mnist_734.png, 0.0
1115, 845, fmnist_199.png, 0.0
1116, 1133, mnist_65.png, 0.0
1117, 9, mnist_701.png, 0.0
1118, 844, fmnist_24.png, 0.0
1119, 947, mnist_308.png, 0.0
1120, 427, mnist_420.png, 0.0
1121, 1179, fmnist_809.png, 0.0
1122, 1040, mnist_949.png, 0.0
1123, 1812, fmnist_253.png, 0.0
1124, 1563, fmnist_905.png, 0.0
1125, 866, mnist_153.png, 0.0
1126, 1711, mnist_161.png, 0.0
1127, 1749, mnist_678.png, 0.0
1128, 115, fmnist_939.png, 0.0
1129, 1420, fmnist_70.png, 0.0
1130, 8, mnist_296.png, 0.0
1131, 1091, mnist_445.png, 0.0
1132, 906, mnist_248.png, 0.0
1133, 660, mnist_91.png, 0.0
1134, 1592, fmnist_256.png, 0.0
1135, 51, fmnist_706.png, 0.0
1136, 628, fmnist_426.png, 0.0
1137, 1363, fmnist_516.png, 0.0
1138, 342, mnist_718.png, 0.0
1139, 598, mnist_709.png, 0.0
1140, 1509, fmnist_689.png, 0.0
1141, 812, fmnist_569.png, 0.0
1142, 1080, mnist_617.png, 0.0
1143, 1192, fmnist_185.png, 0.0
1144, 360, fmnist_614.png, 0.0
1145, 1701, fmnist_403.png, 0.0
1146, 585, fmnist_75.png, 0.0
1147, 1535, fmnist_722.png, 0.0
1148, 410, fmnist_63.png, 0.0
1149, 185, fmnist_604.png, 0.0
1150, 959, mnist_292.png, 0.0
1151, 186, fmnist_661.png, 0.0
1152, 509, fmnist_238.png, 0.0
1153, 591, mnist_238.png, 0.0
1154, 1019, mnist_166.png, 0.0
1155, 783, fmnist_630.png, 0.0
1156, 1151, mnist_953.png, 0.0
1157, 1397, fmnist_507.png, 0.0
1158, 1381, fmnist_368.png, 0.0
1159, 656, mnist_68.png, 0.0
1160, 989, fmnist_508.png, 0.0
1161, 1783, mnist_450.png, 0.0
1162, 1443, mnist_282.png, 0.0
1163, 245, fmnist_916.png, 0.0
1164, 1632, fmnist_798.png, 0.0
1165, 1006, mnist_858.png, 0.0
1166, 1243, fmnist_158.png, 0.0
1167, 297, mnist_31.png, 0.0
1168, 597, fmnist_592.png, 0.0
1169, 267, mnist_427.png, 0.0
1170, 1746, fmnist_954.png, 0.0
1171, 558, mnist_667.png, 0.0
1172, 1580, fmnist_398.png, 0.0
1173, 357, fmnist_611.png, 0.0
1174, 498, mnist_979.png, 0.0
1175, 259, fmnist_852.png, 0.0
1176, 339, fmnist_289.png, 0.0
1177, 1048, mnist_920.png, 0.0
1178, 109, mnist_712.png, 0.0
1179, 627, fmnist_645.png, 0.0
1180, 65, fmnist_249.png, 0.0
1181, 1677, mnist_647.png, 0.0
1182, 450, mnist_5.png, 0.0
1183, 1629, mnist_246.png, 0.0
1184, 262, fmnist_102.png, 0.0
1185, 1306, mnist_657.png, 0.0
1186, 1769, fmnist_326.png, 0.0
1187, 288, fmnist_519.png, 0.0
1188, 1332, fmnist_224.png, 0.0
1189, 829, fmnist_718.png, 0.0
1190, 1325, mnist_810.png, 0.0
1191, 1378, mnist_113.png, 0.0
1192, 48, fmnist_44.png, 0.0
1193, 239, fmnist_755.png, 0.0
1194, 453, fmnist_619.png, 0.0
1195, 1449, fmnist_362.png, 0.0
1196, 1762, fmnist_560.png, 0.0
1197, 167, mnist_464.png, 0.0
1198, 1909, fmnist_855.png, 0.0
1199, 1202, fmnist_904.png, 0.0
1200, 1155, fmnist_923.png, 0.0
1201, 1614, mnist_111.png, 0.0
1202, 512, fmnist_448.png, 0.0
1203, 1558, fmnist_847.png, 0.0
1204, 1225, mnist_18.png, 0.0
1205, 1655, mnist_596.png, 0.0
1206, 581, fmnist_791.png, 0.0
1207, 792, mnist_685.png, 0.0
1208, 1538, mnist_147.png, 0.0
1209, 975, mnist_120.png, 0.0
1210, 457, fmnist_373.png, 0.0
1211, 1200, mnist_888.png, 0.0
1212, 807, fmnist_783.png, 0.0
1213, 1419, fmnist_936.png, 0.0
1214, 1041, fmnist_603.png, 0.0
1215, 1925, fmnist_334.png, 0.0
1216, 691, fmnist_441.png, 0.0
1217, 1647, mnist_80.png, 0.0
1218, 419, fmnist_899.png, 0.0
1219, 126, mnist_193.png, 0.0
1220, 1567, fmnist_808.png, 0.0
1221, 1543, mnist_398.png, 0.0
1222, 822, mnist_55.png, 0.0
1223, 901, fmnist_457.png, 0.0
1224, 421, mnist_874.png, 0.0
1225, 1187, mnist_635.png, 0.0
1226, 645, mnist_57.png, 0.0
1227, 496, mnist_479.png, 0.0
1228, 1480, mnist_943.png, 0.0
1229, 307, fmnist_106.png, 0.0
1230, 612, fmnist_588.png, 0.0
1231, 1661, mnist_518.png, 0.0
1232, 187, mnist_171.png, 0.0
1233, 1587, fmnist_576.png, 0.0
1234, 1613, fmnist_290.png, 0.0
1235, 1181, mnist_562.png, 0.0
1236, 1824, mnist_322.png, 0.0
1237, 977, fmnist_949.png, 0.0
1238, 1071, mnist_938.png, 0.0
1239, 341, fmnist_124.png, 0.0
1240, 1032, mnist_25.png, 0.0
1241, 189, mnist_533.png, 0.0
1242, 1894, mnist_11.png, 0.0
1243, 1251, fmnist_126.png, 0.0
1244, 200, mnist_345.png, 0.0
1245, 1953, mnist_581.png, 0.0
1246, 1959, fmnist_804.png, 0.0
1247, 1562, fmnist_364.png, 0.0
1248, 138, mnist_909.png, 0.0
1249, 19, mnist_297.png, 0.0
1250, 278, fmnist_710.png, 0.0
1251, 194, mnist_418.png, 0.0
1252, 1431, mnist_801.png, 0.0
1253, 683, fmnist_672.png, 0.0
1254, 556, mnist_355.png, 0.0
1255, 511, mnist_425.png, 0.0
1256, 945, mnist_204.png, 0.0
1257, 1428, fmnist_244.png, 0.0
1258, 1649, mnist_331.png, 0.0
1259, 699, fmnist_100.png, 0.0
1260, 741, fmnist_155.png, 0.0
1261, 1240, fmnist_841.png, 0.0
1262, 491, fmnist_989.png, 0.0
1263, 968, mnist_933.png, 0.0
1264, 96, mnist_669.png, 0.0
1265, 1036, fmnist_752.png, 0.0
1266, 1237, mnist_484.png, 0.0
1267, 1194, mnist_840.png, 0.0
1268, 203, mnist_502.png, 0.0
1269, 158, fmnist_192.png, 0.0
1270, 26, fmnist_71.png, 0.0
1271, 145, mnist_998.png, 0.0
1272, 70, fmnist_978.png, 0.0
1273, 157, mnist_966.png, 0.0
1274, 318, fmnist_418.png, 0.0
1275, 722, fmnist_1.png, 0.0
1276, 1145, fmnist_636.png, 0.0
1277, 325, fmnist_926.png, 0.0
1278, 476, mnist_784.png, 0.0
1279, 1946, fmnist_925.png, 0.0
1280, 36, mnist_942.png, 0.0
1281, 392, mnist_1000.png, 0.0
1282, 1255, fmnist_559.png, 0.0
1283, 64, fmnist_56.png, 0.0
1284, 1853, mnist_630.png, 0.0
1285, 1321, mnist_263.png, 0.0
1286, 391, fmnist_465.png, 0.0
1287, 37, fmnist_62.png, 0.0
1288, 1468, fmnist_399.png, 0.0
1289, 252, fmnist_858.png, 0.0
1290, 1313, mnist_196.png, 0.0
1291, 1416, fmnist_416.png, 0.0
1292, 1656, fmnist_897.png, 0.0
1293, 195, fmnist_782.png, 0.0
1294, 1511, fmnist_651.png, 0.0
1295, 1046, mnist_162.png, 0.0
1296, 1044, fmnist_682.png, 0.0
1297, 75, fmnist_250.png, 0.0
1298, 1344, mnist_726.png, 0.0
1299, 639, fmnist_151.png, 0.0
1300, 1527, fmnist_216.png, 0.0
1301, 843, mnist_686.png, 0.0
1302, 1052, mnist_733.png, 0.0
1303, 1745, fmnist_503.png, 0.0
1304, 1097, mnist_110.png, 0.0
1305, 607, mnist_122.png, 0.0
1306, 242, fmnist_812.png, 0.0
1307, 153, fmnist_378.png, 0.0
1308, 1421, fmnist_605.png, 0.0
1309, 733, mnist_692.png, 0.0
1310, 209, fmnist_479.png, 0.0
1311, 708, fmnist_210.png, 0.0
1312, 679, fmnist_296.png, 0.0
1313, 1786, fmnist_845.png, 0.0
1314, 1680, fmnist_678.png, 0.0
1315, 86, fmnist_495.png, 0.0
1316, 52, mnist_262.png, 0.0
1317, 1002, mnist_543.png, 0.0
1318, 890, mnist_932.png, 0.0
1319, 571, mnist_714.png, 0.0
1320, 1635, fmnist_635.png, 0.0
1321, 393, mnist_423.png, 0.0
1322, 777, fmnist_698.png, 0.0
1323, 1101, fmnist_598.png, 0.0
1324, 1539, fmnist_54.png, 0.0
1325, 437, fmnist_984.png, 0.0
1326, 1741, mnist_271.png, 0.0
1327, 776, fmnist_345.png, 0.0
1328, 1139, fmnist_679.png, 0.0
1329, 603, fmnist_201.png, 0.0
1330, 1495, fmnist_438.png, 0.0
1331, 349, mnist_964.png, 0.0
1332, 1365, mnist_434.png, 0.0
1333, 229, fmnist_964.png, 0.0
1334, 473, mnist_619.png, 0.0
1335, 1660, fmnist_228.png, 0.0
1336, 50, fmnist_92.png, 0.0
1337, 958, mnist_593.png, 0.0
1338, 841, fmnist_405.png, 0.0
1339, 766, fmnist_820.png, 0.0
1340, 1885, mnist_633.png, 0.0
1341, 694, mnist_556.png, 0.0
1342, 1013, mnist_259.png, 0.0
1343, 1994, mnist_713.png, 0.0
1344, 693, fmnist_91.png, 0.0
1345, 1919, fmnist_673.png, 0.0
1346, 1125, fmnist_505.png, 0.0
1347, 846, mnist_910.png, 0.0
1348, 49, fmnist_111.png, 0.0
1349, 1978, fmnist_711.png, 0.0
1350, 98, mnist_541.png, 0.0
1351, 182, mnist_721.png, 0.0
1352, 1875, mnist_132.png, 0.0
1353, 1611, mnist_815.png, 0.0
1354, 676, fmnist_484.png, 0.0
1355, 994, mnist_142.png, 0.0
1356, 1266, mnist_503.png, 0.0
1357, 1576, fmnist_113.png, 0.0
1358, 416, mnist_251.png, 0.0
1359, 149, mnist_50.png, 0.0
1360, 1767, fmnist_73.png, 0.0
1361, 629, mnist_43.png, 0.0
1362, 748, mnist_77.png, 0.0
1363, 897, mnist_438.png, 0.0
1364, 1037, mnist_520.png, 0.0
1365, 569, fmnist_900.png, 0.0
1366, 295, mnist_618.png, 0.0
1367, 1943, fmnist_828.png, 0.0
1368, 1197, mnist_188.png, 0.0
1369, 1756, mnist_679.png, 0.0
1370, 79, fmnist_966.png, 0.0
1371, 647, fmnist_284.png, 0.0
1372, 168, fmnist_16.png, 0.0
1373, 1807, mnist_241.png, 0.0
1374, 54, mnist_458.png, 0.0
1375, 1844, mnist_549.png, 0.0
1376, 321, fmnist_41.png, 0.0
1377, 1834, fmnist_395.png, 0.0
1378, 1528, fmnist_744.png, 0.0
1379, 532, mnist_651.png, 0.0
1380, 1977, fmnist_529.png, 0.0
1381, 1357, fmnist_754.png, 0.0
1382, 502, fmnist_627.png, 0.0
1383, 1566, mnist_695.png, 0.0
1384, 1907, fmnist_202.png, 0.0
1385, 720, mnist_312.png, 0.0
1386, 223, mnist_887.png, 0.0
1387, 835, mnist_700.png, 0.0
1388, 1556, fmnist_342.png, 0.0
1389, 144, fmnist_162.png, 0.0
1390, 1923, mnist_706.png, 0.0
1391, 1809, mnist_877.png, 0.0
1392, 296, fmnist_512.png, 0.0
1393, 666, mnist_568.png, 0.0
1394, 59, mnist_789.png, 0.0
1395, 1175, fmnist_409.png, 0.0
1396, 1409, fmnist_252.png, 0.0
1397, 274, fmnist_283.png, 0.0
1398, 983, mnist_158.png, 0.0
1399, 825, fmnist_676.png, 0.0
1400, 327, mnist_224.png, 0.0
1401, 1209, mnist_439.png, 0.0
1402, 1676, mnist_388.png, 0.0
1403, 594, fmnist_402.png, 0.0
1404, 820, mnist_311.png, 0.0
1405, 1982, mnist_283.png, 0.0
1406, 1895, fmnist_84.png, 0.0
1407, 1278, fmnist_316.png, 0.0
1408, 91, fmnist_600.png, 0.0
1409, 773, mnist_309.png, 0.0
1410, 1702, mnist_474.png, 0.0
1411, 1067, fmnist_817.png, 0.0
1412, 998, fmnist_440.png, 0.0
1413, 1201, mnist_381.png, 0.0
1414, 1683, fmnist_612.png, 0.0
1415, 179, fmnist_669.png, 0.0
1416, 1394, mnist_306.png, 0.0
1417, 1260, fmnist_358.png, 0.0
1418, 1477, mnist_594.png, 0.0
1419, 847, fmnist_593.png, 0.0
1420, 893, mnist_811.png, 0.0
1421, 1362, fmnist_827.png, 0.0
1422, 583, mnist_862.png, 0.0
1423, 1520, mnist_298.png, 0.0
1424, 1714, mnist_459.png, 0.0
1425, 1499, fmnist_513.png, 0.0
1426, 729, fmnist_803.png, 0.0
1427, 1546, fmnist_491.png, 0.0
1428, 1377, fmnist_384.png, 0.0
1429, 251, mnist_437.png, 0.0
1430, 698, fmnist_87.png, 0.0
1431, 886, mnist_42.png, 0.0
1432, 1671, mnist_578.png, 0.0
1433, 751, fmnist_856.png, 0.0
1434, 695, mnist_164.png, 0.0
1435, 1415, mnist_442.png, 0.0
1436, 701, mnist_787.png, 0.0
1437, 273, mnist_822.png, 0.0
1438, 1893, mnist_769.png, 0.0
1439, 1973, mnist_656.png, 0.0
1440, 1706, fmnist_142.png, 0.0
1441, 1901, mnist_522.png, 0.0
1442, 233, mnist_637.png, 0.0
1443, 1287, mnist_929.png, 0.0
1444, 747, mnist_385.png, 0.0
1445, 856, fmnist_922.png, 0.0
1446, 68, fmnist_850.png, 0.0
1447, 1323, mnist_662.png, 0.0
1448, 475, mnist_90.png, 0.0
1449, 1461, mnist_372.png, 0.0
1450, 289, mnist_922.png, 0.0
1451, 1716, fmnist_122.png, 0.0
1452, 526, mnist_792.png, 0.0
1453, 1273, mnist_236.png, 0.0
1454, 1160, mnist_408.png, 0.0
1455, 1208, fmnist_447.png, 0.0
1456, 1239, fmnist_888.png, 0.0
1457, 1241, mnist_793.png, 0.0
1458, 1065, mnist_344.png, 0.0
1459, 1384, fmnist_953.png, 0.0
1460, 1609, fmnist_506.png, 0.0
1461, 53, mnist_323.png, 0.0
1462, 1775, fmnist_893.png, 0.0
1463, 1939, mnist_275.png, 0.0
1464, 1292, mnist_604.png, 0.0
1465, 960, mnist_859.png, 0.0
1466, 1758, mnist_697.png, 0.0
1467, 1659, fmnist_82.png, 0.0
1468, 269, fmnist_414.png, 0.0
1469, 1275, mnist_359.png, 0.0
1470, 620, fmnist_652.png, 0.0
1471, 1667, fmnist_128.png, 0.0
1472, 997, mnist_289.png, 0.0
1473, 1253, fmnist_640.png, 0.0
1474, 621, fmnist_476.png, 0.0
1475, 1954, fmnist_763.png, 0.0
1476, 231, mnist_358.png, 0.0
1477, 451, fmnist_797.png, 0.0
1478, 253, mnist_680.png, 0.0
1479, 129, mnist_531.png, 0.0
1480, 152, mnist_206.png, 0.0
1481, 936, fmnist_1000.png, 0.0
1482, 1471, mnist_489.png, 0.0
1483, 1686, fmnist_965.png, 0.0
1484, 464, fmnist_657.png, 0.0
1485, 1285, fmnist_730.png, 0.0
1486, 1345, mnist_475.png, 0.0
1487, 1326, fmnist_490.png, 0.0
1488, 705, mnist_62.png, 0.0
1489, 1098, mnist_530.png, 0.0
1490, 1458, mnist_205.png, 0.0
1491, 865, fmnist_822.png, 0.0
1492, 1557, mnist_328.png, 0.0
1493, 309, fmnist_921.png, 0.0
1494, 1030, fmnist_758.png, 0.0
1495, 1103, mnist_715.png, 0.0
1496, 1007, fmnist_254.png, 0.0
1497, 1801, fmnist_422.png, 0.0
1498, 926, fmnist_901.png, 0.0
1499, 1811, mnist_180.png, 0.0
1500, 1593, fmnist_666.png, 0.0
1501, 567, mnist_944.png, 0.0
1502, 1162, fmnist_12.png, 0.0
1503, 105, fmnist_203.png, 0.0
1504, 407, mnist_66.png, 0.0
1505, 1356, fmnist_789.png, 0.0
1506, 74, fmnist_462.png, 0.0
1507, 88, mnist_507.png, 0.0
1508, 300, mnist_607.png, 0.0
1509, 1330, mnist_539.png, 0.0
1510, 715, mnist_615.png, 0.0
1511, 1206, fmnist_97.png, 0.0
1512, 557, fmnist_552.png, 0.0
1513, 653, fmnist_948.png, 0.0
1514, 172, fmnist_270.png, 0.0
1515, 25, fmnist_615.png, 0.0
1516, 1262, fmnist_557.png, 0.0
1517, 213, mnist_917.png, 0.0
1518, 888, mnist_586.png, 0.0
1519, 481, fmnist_104.png, 0.0
1520, 1850, fmnist_412.png, 0.0
1521, 1579, fmnist_924.png, 0.0
1522, 1821, mnist_14.png, 0.0
1523, 1367, mnist_893.png, 0.0
1524, 1760, mnist_242.png, 0.0
1525, 468, mnist_579.png, 0.0
1526, 102, mnist_20.png, 0.0
1527, 1696, fmnist_442.png, 0.0
1528, 635, mnist_527.png, 0.0
1529, 134, mnist_823.png, 0.0
1530, 399, fmnist_981.png, 0.0
1531, 517, fmnist_135.png, 0.0
1532, 1043, fmnist_564.png, 0.0
1533, 1247, fmnist_47.png, 0.0
1534, 1024, mnist_350.png, 0.0
1535, 1968, fmnist_411.png, 0.0
1536, 1839, mnist_33.png, 0.0
1537, 478, fmnist_48.png, 0.0
1538, 734, fmnist_410.png, 0.0
1539, 560, mnist_343.png, 0.0
1540, 1653, fmnist_686.png, 0.0
1541, 1820, fmnist_159.png, 0.0
1542, 1668, fmnist_217.png, 0.0
1543, 97, mnist_356.png, 0.0
1544, 1486, fmnist_49.png, 0.0
1545, 55, fmnist_853.png, 0.0
1546, 43, fmnist_269.png, 0.0
1547, 1860, mnist_440.png, 0.0
1548, 1453, mnist_471.png, 0.0
1549, 946, mnist_316.png, 0.0
1550, 18, fmnist_125.png, 0.0
1551, 1158, mnist_169.png, 0.0
1552, 1203, mnist_357.png, 0.0
1553, 1681, fmnist_278.png, 0.0
1554, 1793, fmnist_938.png, 0.0
1555, 700, mnist_152.png, 0.0
1556, 1548, fmnist_537.png, 0.0
1557, 1481, fmnist_861.png, 0.0
1558, 280, fmnist_539.png, 0.0
1559, 1034, fmnist_617.png, 0.0
1560, 922, mnist_622.png, 0.0
1561, 1222, fmnist_404.png, 0.0
1562, 1981, mnist_665.png, 0.0
1563, 1186, fmnist_606.png, 0.0
1564, 1478, fmnist_643.png, 0.0
1565, 1631, fmnist_685.png, 0.0
1566, 430, fmnist_702.png, 0.0
1567, 737, fmnist_259.png, 0.0
1568, 1062, fmnist_749.png, 0.0
1569, 508, mnist_485.png, 0.0
1570, 161, fmnist_207.png, 0.0
1571, 1832, fmnist_532.png, 0.0
1572, 1059, mnist_853.png, 0.0
1573, 1026, mnist_603.png, 0.0
1574, 432, mnist_851.png, 0.0
1575, 1114, mnist_70.png, 0.0
1576, 1581, fmnist_613.png, 0.0
1577, 1610, mnist_646.png, 0.0
1578, 1328, fmnist_98.png, 0.0
1579, 810, mnist_424.png, 0.0
1580, 1276, mnist_831.png, 0.0
1581, 1388, mnist_500.png, 0.0
1582, 1603, mnist_284.png, 0.0
1583, 611, fmnist_105.png, 0.0
1584, 1126, mnist_884.png, 0.0
1585, 1720, fmnist_778.png, 0.0
1586, 617, mnist_351.png, 0.0
1587, 101, fmnist_143.png, 0.0
1588, 1412, fmnist_167.png, 0.0
1589, 1109, mnist_330.png, 0.0
1590, 1932, fmnist_863.png, 0.0
1591, 1569, fmnist_743.png, 0.0
1592, 1164, mnist_699.png, 0.0
1593, 1806, fmnist_435.png, 0.0
1594, 1911, mnist_487.png, 0.0
1595, 759, fmnist_281.png, 0.0
1596, 1541, fmnist_182.png, 0.0
1597, 1908, fmnist_234.png, 0.0
1598, 1962, mnist_167.png, 0.0
1599, 549, fmnist_176.png, 0.0
1600, 933, fmnist_294.png, 0.0
1601, 1459, mnist_396.png, 0.0
1602, 963, mnist_208.png, 0.0
1603, 1678, fmnist_860.png, 0.0
1604, 1827, fmnist_431.png, 0.0
1605, 542, fmnist_332.png, 0.0
1606, 1891, fmnist_725.png, 0.0
1607, 677, fmnist_177.png, 0.0
1608, 707, mnist_286.png, 0.0
1609, 1553, mnist_321.png, 0.0
1610, 763, mnist_968.png, 0.0
1611, 1070, mnist_926.png, 0.0
1612, 1134, mnist_623.png, 0.0
1613, 306, fmnist_859.png, 0.0
1614, 1976, mnist_800.png, 0.0
1615, 1433, fmnist_701.png, 0.0
1616, 1861, fmnist_746.png, 0.0
1617, 1492, mnist_955.png, 0.0
1618, 665, fmnist_540.png, 0.0
1619, 1551, fmnist_173.png, 0.0
1620, 561, mnist_879.png, 0.0
1621, 1215, fmnist_943.png, 0.0
1622, 1669, fmnist_72.png, 0.0
1623, 1484, fmnist_866.png, 0.0
1624, 849, fmnist_767.png, 0.0
1625, 80, fmnist_31.png, 0.0
1626, 1645, mnist_912.png, 0.0
1627, 16, mnist_304.png, 0.0
1628, 177, mnist_48.png, 0.0
1629, 554, mnist_426.png, 0.0
1630, 384, fmnist_777.png, 0.0
1631, 826, fmnist_194.png, 0.0
1632, 1531, fmnist_242.png, 0.0
1633, 1482, fmnist_556.png, 0.0
1634, 1823, mnist_753.png, 0.0
1635, 615, mnist_211.png, 0.0
1636, 788, fmnist_273.png, 0.0
1637, 941, mnist_134.png, 0.0
1638, 1945, fmnist_849.png, 0.0
1639, 424, mnist_901.png, 0.0
1640, 1588, mnist_131.png, 0.0
1641, 174, mnist_231.png, 0.0
1642, 584, fmnist_848.png, 0.0
1643, 1168, fmnist_694.png, 0.0
1644, 935, mnist_195.png, 0.0
1645, 944, fmnist_660.png, 0.0
1646, 1426, mnist_906.png, 0.0
1647, 727, fmnist_434.png, 0.0
1648, 1414, fmnist_60.png, 0.0
1649, 1950, mnist_557.png, 0.0
1650, 814, fmnist_371.png, 0.0
1651, 1156, mnist_650.png, 0.0
1652, 462, fmnist_170.png, 0.0
1653, 465, mnist_35.png, 0.0
1654, 774, mnist_102.png, 0.0
1655, 1248, fmnist_382.png, 0.0
1656, 1210, fmnist_594.png, 0.0
1657, 1407, mnist_386.png, 0.0
1658, 23, fmnist_171.png, 0.0
1659, 565, mnist_559.png, 0.0
1660, 1463, fmnist_793.png, 0.0
1661, 1502, mnist_641.png, 0.0
1662, 1496, fmnist_272.png, 0.0
1663, 857, mnist_145.png, 0.0
1664, 1589, mnist_87.png, 0.0
1665, 1442, fmnist_477.png, 0.0
1666, 1518, fmnist_482.png, 0.0
1667, 970, mnist_996.png, 0.0
1668, 1405, mnist_915.png, 0.0
1669, 863, fmnist_523.png, 0.0
1670, 1532, fmnist_306.png, 0.0
1671, 1055, fmnist_443.png, 0.0
1672, 785, fmnist_765.png, 0.0
1673, 1975, fmnist_51.png, 0.0
1674, 1935, fmnist_377.png, 0.0
1675, 521, fmnist_784.png, 0.0
1676, 193, fmnist_584.png, 0.0
1677, 1227, mnist_664.png, 0.0
1678, 943, mnist_971.png, 0.0
1679, 1261, mnist_631.png, 0.0
1680, 654, mnist_776.png, 0.0
1681, 861, mnist_551.png, 0.0
1682, 1138, mnist_808.png, 0.0
1683, 692, mnist_189.png, 0.0
1684, 333, fmnist_833.png, 0.0
1685, 1005, mnist_913.png, 0.0
1686, 1836, mnist_760.png, 0.0
1687, 1858, mnist_30.png, 0.0
1688, 1537, mnist_185.png, 0.0
1689, 1022, fmnist_132.png, 0.0
1690, 1652, fmnist_521.png, 0.0
1691, 1599, fmnist_851.png, 0.0
1692, 837, mnist_830.png, 0.0
1693, 673, fmnist_77.png, 0.0
1694, 1902, fmnist_359.png, 0.0
1695, 1288, mnist_375.png, 0.0
1696, 1382, fmnist_309.png, 0.0
1697, 1728, fmnist_456.png, 0.0
1698, 337, mnist_272.png, 0.0
1699, 1550, mnist_582.png, 0.0
1700, 1736, fmnist_920.png, 0.0
1701, 1840, fmnist_408.png, 0.0
1702, 1608, fmnist_956.png, 0.0
1703, 1404, mnist_173.png, 0.0
1704, 1998, fmnist_18.png, 0.0
1705, 5, fmnist_892.png, 0.0
1706, 84, fmnist_881.png, 0.0
1707, 575, mnist_73.png, 0.0
1708, 1773, fmnist_555.png, 0.0
1709, 1791, mnist_817.png, 0.0
1710, 1630, fmnist_144.png, 0.0
1711, 1582, fmnist_93.png, 0.0
1712, 600, mnist_842.png, 0.0
1713, 127, fmnist_211.png, 0.0
1714, 1027, fmnist_94.png, 0.0
1715, 1015, mnist_654.png, 0.0
1716, 1284, fmnist_263.png, 0.0
1717, 721, fmnist_596.png, 0.0
1718, 711, fmnist_397.png, 0.0
1719, 106, fmnist_451.png, 0.0
1720, 433, fmnist_548.png, 0.0
1721, 178, mnist_844.png, 0.0
1722, 572, mnist_462.png, 0.0
1723, 649, mnist_89.png, 0.0
1724, 757, mnist_899.png, 0.0
1725, 368, mnist_383.png, 0.0
1726, 1529, fmnist_452.png, 0.0
1727, 595, mnist_140.png, 0.0
1728, 1742, mnist_903.png, 0.0
1729, 1374, fmnist_260.png, 0.0
1730, 314, mnist_900.png, 0.0
1731, 1879, mnist_252.png, 0.0
1732, 1072, mnist_519.png, 0.0
1733, 1336, mnist_892.png, 0.0
1734, 887, mnist_228.png, 0.0
1735, 32, fmnist_55.png, 0.0
1736, 447, fmnist_433.png, 0.0
1737, 957, mnist_301.png, 0.0
1738, 1897, mnist_658.png, 0.0
1739, 1233, fmnist_914.png, 0.0
1740, 1283, fmnist_996.png, 0.0
1741, 874, fmnist_257.png, 0.0
1742, 1340, fmnist_504.png, 0.0
1743, 987, fmnist_282.png, 0.0
1744, 1604, fmnist_659.png, 0.0
1745, 974, mnist_143.png, 0.0
1746, 1307, mnist_649.png, 0.0
1747, 1601, mnist_846.png, 0.0
1748, 744, mnist_339.png, 0.0
1749, 1666, mnist_508.png, 0.0
1750, 107, fmnist_449.png, 0.0
1751, 1889, mnist_257.png, 0.0
1752, 794, mnist_443.png, 0.0
1753, 404, mnist_384.png, 0.0
1754, 938, fmnist_227.png, 0.0
1755, 1571, fmnist_674.png, 0.0
1756, 939, mnist_894.png, 0.0
1757, 659, mnist_538.png, 0.0
1758, 1780, mnist_947.png, 0.0
1759, 553, fmnist_688.png, 0.0
1760, 1790, mnist_346.png, 0.0
1761, 1718, fmnist_166.png, 0.0
1762, 904, mnist_393.png, 0.0
1763, 550, fmnist_475.png, 0.0
1764, 1111, fmnist_450.png, 0.0
1765, 1967, mnist_744.png, 0.0
1766, 165, fmnist_360.png, 0.0
1767, 379, mnist_407.png, 0.0
1768, 210, fmnist_586.png, 0.0
1769, 1319, fmnist_528.png, 0.0
1770, 1575, mnist_114.png, 0.0
1771, 999, mnist_705.png, 0.0
1772, 932, mnist_845.png, 0.0
1773, 1970, mnist_214.png, 0.0
1774, 1922, fmnist_400.png, 0.0
1775, 531, mnist_182.png, 0.0
1776, 429, fmnist_573.png, 0.0
1777, 1174, mnist_861.png, 0.0
1778, 749, fmnist_587.png, 0.0
1779, 1938, mnist_199.png, 0.0
1780, 1327, mnist_22.png, 0.0
1781, 1814, mnist_980.png, 0.0
1782, 460, mnist_100.png, 0.0
1783, 12, fmnist_286.png, 0.0
1784, 1432, fmnist_179.png, 0.0
1785, 487, fmnist_668.png, 0.0
1786, 568, fmnist_413.png, 0.0
1787, 1122, fmnist_945.png, 0.0
1788, 1906, fmnist_157.png, 0.0
1789, 1310, mnist_179.png, 0.0
1790, 657, mnist_954.png, 0.0
1791, 1533, mnist_914.png, 0.0
1792, 702, mnist_177.png, 0.0
1793, 1281, fmnist_867.png, 0.0
1794, 540, mnist_934.png, 0.0
1795, 1341, fmnist_381.png, 0.0
1796, 1620, fmnist_150.png, 0.0
1797, 164, mnist_28.png, 0.0
1798, 931, mnist_547.png, 0.0
1799, 1989, mnist_410.png, 0.0
1800, 343, mnist_367.png, 0.0
1801, 1691, mnist_239.png, 0.0
1802, 1235, mnist_600.png, 0.0
1803, 1342, fmnist_391.png, 0.0
1804, 1585, fmnist_909.png, 0.0
1805, 1337, mnist_202.png, 0.0
1806, 211, fmnist_846.png, 0.0
1807, 1662, fmnist_183.png, 0.0
1808, 573, fmnist_180.png, 0.0
1809, 1472, fmnist_190.png, 0.0
1810, 784, fmnist_205.png, 0.0
1811, 15, mnist_92.png, 0.0
1812, 1099, mnist_782.png, 0.0
1813, 493, mnist_886.png, 0.0
1814, 1544, mnist_728.png, 0.0
1815, 1232, fmnist_119.png, 0.0
1816, 1617, fmnist_774.png, 0.0
1817, 1141, fmnist_473.png, 0.0
1818, 332, fmnist_407.png, 0.0
1819, 786, fmnist_884.png, 0.0
1820, 291, fmnist_800.png, 0.0
1821, 212, fmnist_3.png, 0.0
1822, 365, mnist_573.png, 0.0
1823, 471, mnist_303.png, 0.0
1824, 514, mnist_756.png, 0.0
1825, 682, fmnist_931.png, 0.0
1826, 377, mnist_230.png, 0.0
1827, 1697, fmnist_917.png, 0.0
1828, 1624, fmnist_697.png, 0.0
1829, 1316, fmnist_762.png, 0.0
1830, 439, mnist_671.png, 0.0
1831, 1506, mnist_333.png, 0.0
1832, 46, fmnist_25.png, 0.0
1833, 1961, fmnist_109.png, 0.0
1834, 1615, fmnist_236.png, 0.0
1835, 754, mnist_432.png, 0.0
1836, 1154, mnist_610.png, 0.0
1837, 1941, fmnist_492.png, 0.0
1838, 1424, fmnist_579.png, 0.0
1839, 898, mnist_244.png, 0.0
1840, 840, mnist_988.png, 0.0
1841, 527, fmnist_300.png, 0.0
1842, 1957, mnist_991.png, 0.0
1843, 753, mnist_103.png, 0.0
1844, 1708, mnist_85.png, 0.0
1845, 136, mnist_325.png, 0.0
1846, 1920, fmnist_773.png, 0.0
1847, 150, fmnist_787.png, 0.0
1848, 1092, fmnist_274.png, 0.0
1849, 992, fmnist_906.png, 0.0
1850, 1050, mnist_652.png, 0.0
1851, 787, fmnist_509.png, 0.0
1852, 877, mnist_743.png, 0.0
1853, 713, fmnist_498.png, 0.0
1854, 396, fmnist_469.png, 0.0
1855, 1822, fmnist_496.png, 0.0
1856, 771, mnist_560.png, 0.0
1857, 1166, mnist_146.png, 0.0
1858, 1025, mnist_414.png, 0.0
1859, 425, fmnist_671.png, 0.0
1860, 1650, fmnist_562.png, 0.0
1861, 873, mnist_49.png, 0.0
1862, 372, mnist_841.png, 0.0
1863, 469, mnist_209.png, 0.0
1864, 448, fmnist_998.png, 0.0
1865, 436, fmnist_353.png, 0.0
1866, 250, mnist_916.png, 0.0
1867, 1947, mnist_24.png, 0.0
1868, 119, mnist_486.png, 0.0
1869, 196, fmnist_445.png, 0.0
1870, 1813, mnist_139.png, 0.0
1871, 1521, fmnist_459.png, 0.0
1872, 1401, mnist_574.png, 0.0
1873, 417, fmnist_488.png, 0.0
1874, 346, mnist_985.png, 0.0
1875, 1883, fmnist_872.png, 0.0
1876, 354, mnist_4.png, 0.0
1877, 633, mnist_832.png, 0.0
1878, 1280, fmnist_624.png, 0.0
1879, 1641, fmnist_590.png, 0.0
1880, 340, mnist_178.png, 0.0
1881, 1207, mnist_724.png, 0.0
1882, 574, mnist_52.png, 0.0
1883, 1928, mnist_974.png, 0.0
1884, 434, fmnist_330.png, 0.0
1885, 663, mnist_751.png, 0.0
1886, 334, mnist_207.png, 0.0
1887, 1259, fmnist_781.png, 0.0
1888, 311, fmnist_975.png, 0.0
1889, 345, mnist_318.png, 0.0
1890, 103, mnist_21.png, 0.0
1891, 82, mnist_133.png, 0.0
1892, 1028, mnist_183.png, 0.0
1893, 1308, fmnist_354.png, 0.0
1894, 10, mnist_939.png, 0.0
1895, 546, mnist_605.png, 0.0
1896, 911, fmnist_494.png, 0.0
1897, 687, mnist_869.png, 0.0
1898, 374, fmnist_184.png, 0.0
1899, 244, mnist_234.png, 0.0
1900, 1014, mnist_907.png, 0.0
1901, 559, mnist_828.png, 0.0
1902, 1774, fmnist_287.png, 0.0
1903, 1731, mnist_313.png, 0.0
1904, 996, mnist_285.png, 0.0
1905, 135, mnist_10.png, 0.0
1906, 806, fmnist_226.png, 0.0
1907, 1389, mnist_472.png, 0.0
1908, 1829, mnist_805.png, 0.0
1909, 482, mnist_865.png, 0.0
1910, 1710, mnist_962.png, 0.0
1911, 1621, fmnist_425.png, 0.0
1912, 1042, mnist_839.png, 0.0
1913, 1713, fmnist_23.png, 0.0
1914, 303, mnist_873.png, 0.0
1915, 979, fmnist_311.png, 0.0
1916, 986, mnist_687.png, 0.0
1917, 1110, mnist_850.png, 0.0
1918, 1862, mnist_109.png, 0.0
1919, 236, mnist_319.png, 0.0
1920, 440, fmnist_99.png, 0.0
1921, 1864, fmnist_572.png, 0.0
1922, 41, mnist_245.png, 0.0
1923, 528, fmnist_801.png, 0.0
1924, 45, fmnist_344.png, 0.0
1925, 1108, mnist_168.png, 0.0
1926, 1625, mnist_660.png, 0.0
1927, 1020, mnist_881.png, 0.0
1928, 761, mnist_417.png, 0.0
1929, 1695, fmnist_670.png, 0.0
1930, 991, mnist_834.png, 0.0
1931, 625, fmnist_493.png, 0.0
1932, 1021, fmnist_187.png, 0.0
1933, 197, mnist_463.png, 0.0
1934, 1951, mnist_468.png, 0.0
1935, 608, mnist_681.png, 0.0
1936, 116, fmnist_940.png, 0.0
1937, 1805, mnist_625.png, 0.0
1938, 855, mnist_860.png, 0.0
1939, 1105, mnist_361.png, 0.0
1940, 924, mnist_27.png, 0.0
1941, 619, mnist_404.png, 0.0
1942, 490, fmnist_712.png, 0.0
1943, 1852, mnist_537.png, 0.0
1944, 455, mnist_663.png, 0.0
1945, 1267, mnist_264.png, 0.0
1946, 1038, mnist_571.png, 0.0
1947, 1489, fmnist_946.png, 0.0
1948, 1643, fmnist_753.png, 0.0
1949, 371, mnist_402.png, 0.0
1950, 459, fmnist_934.png, 0.0
1951, 908, mnist_222.png, 0.0
1952, 1299, mnist_897.png, 0.0
1953, 1282, fmnist_772.png, 0.0
1954, 3, fmnist_980.png, 0.0
1955, 336, mnist_965.png, 0.0
1956, 1867, fmnist_531.png, 0.0
1957, 745, mnist_890.png, 0.0
1958, 640, fmnist_875.png, 0.0
1959, 1163, mnist_791.png, 0.0
1960, 743, fmnist_633.png, 0.0
1961, 1219, mnist_768.png, 0.0
1962, 1530, fmnist_927.png, 0.0
1963, 1958, mnist_364.png, 0.0
1964, 1826, mnist_592.png, 0.0
1965, 293, mnist_993.png, 0.0
1966, 1100, mnist_314.png, 0.0
1967, 1787, mnist_813.png, 0.0
1968, 1776, mnist_419.png, 0.0
1969, 1586, fmnist_915.png, 0.0
1970, 1455, mnist_790.png, 0.0
1971, 510, mnist_925.png, 0.0
1972, 246, mnist_200.png, 0.0
1973, 383, fmnist_771.png, 0.0
1974, 969, fmnist_193.png, 0.0
1975, 1360, fmnist_629.png, 0.0
1976, 1349, mnist_129.png, 0.0
1977, 1500, fmnist_196.png, 0.0
1978, 1904, fmnist_115.png, 0.0
1979, 120, fmnist_191.png, 0.0
1980, 442, mnist_403.png, 0.0
1981, 1398, fmnist_885.png, 0.0
1982, 1818, mnist_868.png, 0.0
1983, 1916, fmnist_684.png, 0.0
1984, 1772, fmnist_575.png, 0.0
1985, 1182, mnist_614.png, 0.0
1986, 1707, mnist_8.png, 0.0
1987, 30, mnist_693.png, 0.0
1988, 1178, mnist_990.png, 0.0
1989, 1257, mnist_226.png, 0.0
1990, 279, mnist_390.png, 0.0
1991, 689, mnist_936.png, 0.0
1992, 1679, fmnist_843.png, 0.0
1993, 664, fmnist_34.png, 0.0
1994, 1396, mnist_7.png, 0.0
1995, 1228, fmnist_873.png, 0.0
1996, 1077, fmnist_480.png, 0.0
1997, 1318, mnist_448.png, 0.0
1998, 723, mnist_644.png, 0.0
1999, 815, fmnist_471.png, 0.0
